{
  "pca_variance_data": [
    0.6886794567108154,
    0.11080008000135422,
    0.040781717747449875
  ],
  "pca_variance_gan": [
    0.7484616041183472,
    0.11638513952493668,
    0.04513868689537048
  ],
  "pca_inner_products": [
    0.9802730083465576,
    0.9751728177070618,
    0.829491138458252
  ],
  "arb_penalty_data_mean": 0.00025624255067668855,
  "arb_penalty_gan_mean": 0.003976397133644465,
  "atm_coverage_95": 0.8074074074074075
}